Frequency,Total Donations,Months Since Donation,Recurring
1,200,59,0
6,100,25,0
6,100,25,0
6,103,25,0
6,15,25,0
6,21,25,0
6,3,25,0
1,500,40,0
1,100,37,0
8,700,10,0
8,700,10,0
8,722,10,0
8,800,10,0
8,650,10,0
8,650,10,0
8,650,10,0
8,1200,10,0
4,1,21,0
4,244,21,0
4,478,21,0
4,50,21,0
5,69,7,0
5,71,7,0
5,75,7,0
5,100,7,0
5,101,7,0
15,149,2,0
15,150,2,0
15,152,2,0
15,155,2,0
15,158,2,0
15,160,2,0
15,164,2,0
15,164,2,0
15,165,2,0
15,172,2,0
15,175,2,0
15,178,2,0
15,181,2,0
15,143,2,0
15,145,2,0
3,500,2,0
3,500,2,0
3,500,2,0
10,1,2,0
10,1000,2,0
10,1030,2,0
10,1500,2,0
10,23,2,0
10,2500,2,0
10,300,2,0
10,488,2,0
10,50,2,0
10,600,2,0
6,65,7,0
6,66,7,0
6,67,7,0
6,68,7,0
6,68,7,0
6,69,7,0
1,58,52,0
6,2000,3,0
6,750,3,0
6,3000,3,0
6,1000,3,0
6,1000,3,0
6,1250,3,0
22,600,7,0
22,600,7,0
22,600,7,0
22,600,7,0
22,603,7,0
22,603,7,0
22,621,7,0
22,700,7,0
22,700,7,0
22,700,7,0
22,521,7,0
22,525,7,0
22,525,7,0
22,525,7,0
22,750,7,0
22,3000,7,0
22,528,7,0
22,800,7,0
22,800,7,0
22,1000,7,0
22,1022,7,0
22,577,7,0
1,51,55,0
5,10,25,0
5,100,25,0
5,103,25,0
5,23,25,0
5,3,25,0
3,100,47,0
3,103,47,0
3,3,47,0
55,690,2,0
55,695,2,0
55,875,2,0
55,880,2,0
55,880,2,0
55,886,2,0
55,905,2,0
55,930,2,0
55,955,2,0
55,720,2,1
55,720,2,1
55,720,2,1
55,720,2,1
55,720,2,1
55,720,2,1
55,720,2,1
55,720,2,1
55,720,2,1
55,720,2,1
55,720,2,1
55,720,2,1
55,720,2,1
55,720,2,1
55,720,2,1
55,720,2,1
55,720,2,1
55,720,2,1
55,720,2,1
55,720,2,1
55,720,2,1
55,720,2,1
55,720,2,1
55,720,2,1
55,720,2,1
55,720,2,1
55,720,2,1
55,720,2,1
55,720,2,1
55,720,2,1
55,720,2,1
55,720,2,1
55,720,2,1
55,720,2,1
55,720,2,1
55,720,2,1
55,720,2,1
55,720,2,1
55,720,2,1
55,720,2,1
55,720,2,1
55,720,2,1
55,720,2,1
55,720,2,1
55,720,2,1
55,730,2,0
20,815,5,0
20,815,5,0
20,815,5,0
20,815,5,0
20,815,5,0
20,815,5,0
20,1715,5,0
20,732,5,0
20,921,5,0
20,959,5,0
20,740,5,0
20,965,5,0
20,965,5,0
20,760,5,0
20,760,5,0
20,1215,5,0
20,1215,5,0
20,1315,5,0
20,795,5,0
20,800,5,0
1,23013,10,0
2,100,46,0
2,25,46,0
3,250,31,0
3,250,31,0
3,257,31,0
9,2000,10,0
9,2000,10,0
9,2000,10,0
9,2000,10,0
9,1019,10,0
9,1019,10,0
9,1020,10,0
9,1200,10,0
9,1200,10,0
6,70,2,0
6,75,2,0
6,75,2,0
6,100,2,0
6,100,2,0
6,100,2,0
1,50,43,0
2,1000,21,0
2,1000,21,0
1,2500,41,0
1,1000,50,0
4,122,16,0
4,44,16,0
4,25,16,0
4,72,16,0
6,1000,2,0
6,1000,2,0
6,2575,2,0
6,500,2,0
6,500,2,0
6,5170,2,0
2,19,52,0
2,30,52,0
1,25,29,0
2,515,2,0
2,620,2,0
6,100,29,0
6,103,29,0
6,250,29,0
6,250,29,0
6,3,29,0
6,500,29,0
1,19,54,0
25,12535,3,0
25,13790,3,0
25,12885,3,0
25,12887,3,0
25,14260,3,0
25,12935,3,0
25,12935,3,0
25,12960,3,0
25,14760,3,0
25,12781,3,0
25,12982,3,0
25,12985,3,0
25,12785,3,0
25,12785,3,0
25,13010,3,0
25,15260,3,0
25,15260,3,0
25,13060,3,0
25,16260,3,0
25,16510,3,0
25,13260,3,0
25,17760,3,0
25,17760,3,0
25,12815,3,0
25,12821,3,0
9,223,7,0
9,223,7,0
9,226,7,0
9,142,7,0
9,144,7,0
9,145,7,0
9,148,7,0
9,128,7,0
9,174,7,0
9,0,6,0
9,2000,6,0
9,2000,6,0
9,2000,6,0
9,2000,6,0
9,2000,6,0
9,1019,6,0
9,3000,6,0
9,3000,6,0
1,500,43,0
4,615,13,0
4,915,13,0
4,1030,13,0
4,1032,13,0
4,250,16,0
4,253,16,0
4,175,16,0
4,200,16,0
1,100,46,0
5,100,31,0
5,103,31,0
5,25,31,0
5,3,31,0
5,50,31,0
5,10,2,0
5,20,2,0
5,20,2,0
5,20,2,0
5,21,2,0
3,44,16,0
3,47,16,0
3,73,16,0
1,100,46,0
1,200,47,0
2,25,28,0
2,25,28,0
6,100,19,0
6,1030,19,0
6,200,19,0
6,206,19,0
6,500,19,0
6,6,19,0
4,103,19,0
4,123,19,0
4,257,19,0
4,500,19,0
5,618,16,0
5,618,16,0
5,620,16,0
5,772,16,0
5,1030,16,0
4,20,2,0
4,20,2,0
4,21,2,0
4,23,2,0
9,603,2,0
9,521,2,0
9,525,2,0
9,750,2,0
9,750,2,0
9,750,2,0
9,1000,2,0
9,1000,2,0
9,1000,2,0
2,650,45,0
2,650,45,0
2,145,16,0
2,45,16,0
1,75,50,0
3,150,18,0
3,154,18,0
3,77,18,0
2,100,49,0
2,100,49,0
7,-200,38,0
7,100,38,0
7,100,38,0
7,100,38,0
7,100,38,0
7,10000,38,0
7,200,38,0
2,200,47,0
2,300,47,0
1,100,44,0
66,6105,5,0
66,6150,5,0
66,6155,5,0
66,6176,5,0
66,6195,5,0
66,5995,5,0
66,6385,5,1
66,6385,5,1
66,6385,5,1
66,6385,5,1
66,6385,5,1
66,6385,5,1
66,6385,5,1
66,6385,5,1
66,6385,5,1
66,6385,5,1
66,6385,5,1
66,6385,5,1
66,6385,5,1
66,6385,5,1
66,6385,5,1
66,6385,5,1
66,6385,5,1
66,6385,5,1
66,6385,5,1
66,6385,5,1
66,6385,5,1
66,6385,5,1
66,6385,5,1
66,6385,5,1
66,6385,5,1
66,6385,5,1
66,6385,5,1
66,6385,5,1
66,6385,5,1
66,6385,5,1
66,6385,5,1
66,6385,5,1
66,6385,5,1
66,6385,5,1
66,6385,5,1
66,6385,5,1
66,6385,5,1
66,6385,5,1
66,6385,5,1
66,6385,5,1
66,6385,5,1
66,6385,5,1
66,6385,5,1
66,6385,5,1
66,6385,5,1
66,6470,5,1
66,6470,5,1
66,6470,5,1
66,6470,5,1
66,6470,5,1
66,6470,5,1
66,6470,5,1
66,6470,5,1
66,6470,5,1
66,6470,5,1
66,6060,5,0
66,6060,5,0
66,6060,5,0
66,6060,5,0
66,6060,5,0
4,128,20,0
4,19,20,0
4,500,20,0
4,525,20,0
6,133,4,0
6,135,4,0
6,118,4,0
6,163,4,0
6,163,4,0
6,203,4,0
1,14,59,0
6,100,19,0
6,19,19,0
6,22,19,0
6,25,19,0
6,25,19,0
6,30,19,0
1,100,59,0
2,100,36,0
2,20,36,0
8,26,19,0
8,45,19,0
8,45,19,0
8,50,19,0
8,50,19,0
8,50,19,0
8,55,19,0
8,34,19,0
4,200,2,0
4,200,2,0
4,119,2,0
4,156,2,0
2,200,13,0
2,250,13,0
1,50,46,0
1,100,59,0
40,15717,2,0
40,26092,2,0
40,16195,2,0
40,16214,2,0
40,28967,2,0
40,16107,2,0
40,16107,2,0
40,16242,2,0
40,16287,2,0
40,16292,2,0
40,16292,2,0
40,16298,2,0
40,16300,2,0
40,16113,2,0
40,16320,2,0
40,16322,2,0
40,16322,2,0
40,18592,2,0
40,18592,2,0
40,16367,2,0
40,16368,2,0
40,53092,2,0
40,16467,2,0
40,16467,2,0
40,19842,2,0
40,19842,2,0
40,16483,2,0
40,21058,2,0
40,21092,2,0
40,21092,2,0
40,21092,2,0
40,21092,2,0
40,21092,2,0
40,21092,2,0
40,21125,2,0
40,21242,2,0
40,16792,2,0
40,23592,2,0
40,23592,2,0
40,23817,2,0
5,20,27,0
5,20,27,0
5,25,27,0
5,40,27,0
5,75,27,0
2,103,19,0
2,19,19,0
6,373,4,0
6,456,4,0
6,456,4,0
6,500,4,0
6,750,4,0
6,301,4,0
4,100,6,0
4,100,6,0
4,50,6,0
4,75,6,0
1,200,46,0
4,1000,6,0
4,1000,6,0
4,1000,6,0
4,1000,6,0
1,200,45,0
29,1120,16,0
29,223,16,0
29,320,16,0
29,326,16,0
29,145,16,0
29,160,16,1
29,160,16,1
29,160,16,1
29,160,16,1
29,160,16,1
29,160,16,1
29,160,16,1
29,160,16,1
29,160,16,1
29,160,16,1
29,160,16,1
29,160,16,1
29,160,16,1
29,160,16,1
29,160,16,1
29,160,16,1
29,160,16,1
29,160,16,1
29,160,16,1
29,160,16,1
29,160,16,1
29,160,16,1
29,170,16,0
29,126,16,0
5,8000,10,0
5,8000,10,0
5,12000,10,0
5,12000,10,0
5,12000,10,0
8,3600,10,0
8,3600,10,0
8,3700,10,0
8,3800,10,0
8,4200,10,0
8,2800,10,0
8,2806,10,0
8,3115,10,0
8,200,6,0
8,300,6,0
8,300,6,0
8,306,6,0
8,306,6,0
8,350,6,0
8,350,6,0
8,106,6,0
1,200,46,0
8,19,2,0
8,19,2,0
8,20,2,0
8,20,2,0
8,20,2,0
8,21,2,0
8,25,2,0
8,25,2,0
1,19,52,0
2,10000,5,0
2,15000,5,0
9,270,10,0
9,360,10,0
9,360,10,0
9,363,10,0
9,363,10,0
9,285,10,0
9,510,10,0
9,263,10,0
9,263,10,0
2,180,50,0
2,50,50,0
10,308,10,0
10,308,10,0
10,311,10,0
10,408,10,0
10,233,10,0
10,458,10,0
10,211,10,0
10,248,10,0
10,216,10,0
10,217,10,0
1,1000,31,0
3,100,24,0
3,100,24,0
3,50,24,0
3,200,7,0
3,300,7,0
3,350,7,0
5,5000,7,0
5,5000,7,0
5,5000,7,0
5,5000,7,0
5,3100,7,0
8,123,16,0
8,43,16,0
8,43,16,0
8,44,16,0
8,45,16,0
8,48,16,0
8,28,16,0
8,73,16,0
2,19,46,0
2,20,46,0
4,43,16,0
4,43,16,0
4,44,16,0
4,45,16,0
1,200,37,0
5,123,2,0
5,19,2,0
5,20,2,0
5,21,2,0
5,51,2,0
2,300,30,0
2,500,30,0
1,100,46,0
4,42,16,0
4,42,16,0
4,43,16,0
4,44,16,0
33,3867,8,0
33,4866,8,0
33,4866,8,0
33,4866,8,0
33,4896,8,0
33,3982,8,0
33,4016,8,0
33,5366,8,0
33,4046,8,0
33,4066,8,0
33,5866,8,0
33,5866,8,0
33,5866,8,0
33,4088,8,0
33,4091,8,0
33,3891,8,0
33,3891,8,0
33,4116,8,0
33,4116,8,0
33,4116,8,0
33,3892,8,0
33,4136,8,0
33,4191,8,0
33,4265,8,0
33,4316,8,0
33,4366,8,0
33,4366,8,0
33,4366,8,0
33,4366,8,0
33,4366,8,0
33,3917,8,0
33,4516,8,0
33,3874,8,0
1,100,57,0
1,19,52,0
5,390,8,0
5,490,8,0
5,790,8,0
5,1040,8,0
5,380,8,0
3,18,20,0
3,244,20,0
3,522,20,0
4,100,46,0
4,100,46,0
4,100,46,0
4,50,46,0
8,3000,7,0
8,2103,7,0
8,2002,7,0
8,4000,7,0
8,2025,7,0
8,2250,7,0
8,2257,7,0
8,2078,7,0
3,2000,12,0
3,2030,12,0
3,1500,12,0
5,1,4,0
5,100,4,0
5,19,4,0
5,25,4,0
5,50,4,0
1,258,50,0
1,30,19,0
21,1053,6,0
21,1053,6,0
21,1053,6,0
21,1056,6,0
21,1075,6,0
21,972,6,0
21,973,6,0
21,973,6,0
21,973,6,0
21,1153,6,0
21,1159,6,0
21,974,6,0
21,975,6,0
21,976,6,0
21,1183,6,0
21,978,6,0
21,978,6,0
21,1253,6,0
21,984,6,0
21,1003,6,0
21,961,6,0
3,25000,11,0
3,25000,11,0
3,30000,11,0
6,50000,3,0
6,60000,3,0
6,60000,3,0
6,60000,3,0
6,60000,3,0
6,60000,3,0
4,50000,2,0
4,50000,2,0
4,50000,2,0
4,55000,2,0
2,400,46,0
2,400,46,0
7,19,28,0
7,20,28,0
7,200,28,0
7,200,28,0
7,206,28,0
7,25,28,0
7,6,28,0
10,1053,2,0
10,2052,2,0
10,2052,2,0
10,2082,2,0
10,2082,2,0
10,2082,2,0
10,1252,2,0
10,1074,2,0
10,1079,2,0
10,1057,2,0
3,3030,9,0
3,1915,9,0
3,2066,9,0
5,1000,5,0
5,1000,5,0
5,1000,5,0
5,1000,5,0
5,565,5,0
1,100,44,0
1,25,29,0
1,100,59,0
1,50,59,0
1,5,38,0
1,50,59,0
1,50,59,0
1,50,59,0
1,100,59,0
4,1,43,0
4,100,43,0
4,50,43,0
4,51,43,0
4,100,4,0
4,200,4,0
4,200,4,0
4,257,4,0
1,100,59,0
4,200,47,0
4,200,47,0
4,206,47,0
4,6,47,0
12,1,25,0
12,100,25,0
12,200,25,0
12,25,25,0
12,25,25,0
12,3000,25,0
12,3750,25,0
12,3750,25,0
12,5000,25,0
12,5000,25,0
12,5000,25,0
12,7500,25,0
1,50,58,0
1,100,58,0
1,200,58,0
1,200,58,0
16,950,7,0
16,950,7,0
16,950,7,0
16,862,7,0
16,970,7,0
16,869,7,0
16,1050,7,0
16,871,7,0
16,879,7,0
16,1250,7,0
16,1250,7,0
16,1262,7,0
16,901,7,0
16,1365,7,0
16,1600,7,0
16,942,7,0
1,100,58,0
1,100,58,0
26,12851,2,0
26,11406,2,0
26,11406,2,0
26,13343,2,0
26,11407,2,0
26,11407,2,0
26,11587,2,0
26,11587,2,0
26,11408,2,0
26,11409,2,0
26,11409,2,0
26,13587,2,0
26,11631,2,0
26,11412,2,0
26,14387,2,0
26,11697,2,0
26,15137,2,0
26,15137,2,0
26,11437,2,0
26,11887,2,0
26,16387,2,0
26,16457,2,0
26,17781,2,0
26,11457,2,0
26,19750,2,0
26,21170,2,0
1,19,58,0
11,100,2,0
11,100,2,0
11,103,2,0
11,103,2,0
11,103,2,0
11,103,2,0
11,103,2,0
11,19,2,0
11,200,2,0
11,25,2,0
11,3,2,0
2,19,45,0
2,20,45,0
2,100,45,0
2,100,45,0
3,103,43,0
3,309,43,0
3,55,43,0
5,100,29,0
5,19,29,0
5,206,29,0
5,25,29,0
5,2500,29,0
5,203,2,0
5,206,2,0
5,206,2,0
5,206,2,0
5,128,2,0
3,206,41,0
3,500,41,0
3,500,41,0
58,253,1,0
58,254,1,1
58,254,1,1
58,254,1,1
58,254,1,1
58,254,1,1
58,254,1,1
58,254,1,1
58,254,1,1
58,254,1,1
58,254,1,1
58,254,1,1
58,254,1,1
58,254,1,1
58,254,1,1
58,254,1,1
58,254,1,1
58,254,1,1
58,254,1,1
58,254,1,1
58,254,1,1
58,254,1,1
58,254,1,1
58,254,1,1
58,254,1,1
58,254,1,1
58,254,1,1
58,254,1,1
58,254,1,1
58,254,1,1
58,254,1,1
58,254,1,1
58,254,1,1
58,254,1,1
58,254,1,1
58,254,1,1
58,254,1,1
58,254,1,1
58,254,1,1
58,254,1,1
58,254,1,1
58,254,1,1
58,254,1,1
58,254,1,1
58,254,1,1
58,254,1,1
58,254,1,1
58,254,1,1
58,254,1,1
58,254,1,1
58,254,1,1
58,254,1,1
58,254,1,1
58,254,1,1
58,254,1,1
58,254,1,1
58,254,1,1
58,735,1,0
1,19,56,0
1,19,56,0
5,21,2,0
5,23,2,0
5,25,2,0
5,25,2,0
5,25,2,0
1,19,56,0
8,350,7,0
8,350,7,0
8,350,7,0
8,350,7,0
8,373,7,0
8,450,7,0
8,500,7,0
8,550,7,0
1,19,56,0
3,100,19,0
3,123,19,0
3,206,19,0
8,100,21,0
8,19,21,0
8,19,21,0
8,20,21,0
8,20,21,0
8,21,21,0
8,3,21,0
8,50,21,0
2,103,55,0
2,19,55,0
1,50,56,0
1,75,56,0
5,100,2,0
5,206,2,0
5,220,2,0
5,250,2,0
5,7,2,0
1,206,16,0
1,50,56,0
1,50,56,0
2,103,31,0
2,103,31,0
6,19,2,0
6,20,2,0
6,20,2,0
6,23,2,0
6,51,2,0
6,51,2,0
1,10,30,0
1,51,56,0
1,19,56,0
2,25,29,0
2,25,29,0
2,19,52,0
2,19,52,0
3,103,30,0
3,50,30,0
3,51,30,0
1,257,56,0
11,103,29,0
11,15,29,0
11,19,29,0
11,20,29,1
11,20,29,1
11,20,29,1
11,20,29,1
11,20,29,1
11,20,29,1
11,20,29,1
11,25,29,0
1,10,41,0
6,1,29,0
6,15,29,0
6,25,29,0
6,50,29,0
6,51,29,0
6,51,29,0
1,1,25,0
1,25,55,0
8,24,2,0
8,126,2,0
8,45,2,0
8,48,2,0
8,48,2,0
8,69,2,0
8,73,2,0
8,73,2,0
3,103,28,0
3,25,28,0
3,51,28,0
3,103,39,0
3,103,39,0
3,61,39,0
1,100,55,0
3,100,46,0
3,45,46,0
3,50,46,0
5,1500,13,0
5,1500,13,0
5,1500,13,0
5,1500,13,0
5,1000,13,0
1,100,55,0
1,326,55,0
5,123,6,0
5,200,6,0
5,200,6,0
5,200,6,0
5,250,6,0
1,800,54,0
1,772,54,0
1,25,54,0
1,100,42,0
4,19,28,0
4,20,28,0
4,25,28,0
4,25,28,0
1,875,51,0
1,200,53,0
1,25,53,0
22,20844,8,0
22,21774,8,0
22,20894,8,0
22,20764,8,0
22,20950,8,0
22,20765,8,0
22,20766,8,0
22,20769,8,0
22,20769,8,0
22,20769,8,0
22,23244,8,0
22,24381,8,0
22,24606,8,0
22,25744,8,0
22,25744,8,0
22,25894,8,0
22,25914,8,0
22,27767,8,0
22,28244,8,0
22,28244,8,0
22,20834,8,0
22,20835,8,0
1,36,52,0
2,130,44,0
2,336,44,0
1,525,52,0
1,19,52,0
3,19,24,0
3,25,24,0
3,50,24,0
4,69,10,0
4,100,10,0
4,100,10,0
4,100,10,0
1,19,52,0
4,126,16,0
4,42,16,0
4,45,16,0
4,74,16,0
2,120,46,0
2,195,46,0
13,52,2,0
13,52,2,0
13,52,2,0
13,52,2,0
13,52,2,0
13,52,2,0
13,61,2,0
13,62,2,0
13,62,2,0
13,64,2,0
13,92,2,0
13,92,2,0
13,93,2,0
1,19,52,0
1,19,52,0
4,370,7,0
4,445,7,0
4,450,7,0
4,500,7,0
2,19,45,0
2,20,45,0
1,19,52,0
3,125,21,0
3,21,21,0
3,51,21,0
3,19,19,0
3,51,19,0
3,51,19,0
1,19,52,0
2,19,41,0
2,206,41,0
1,103,52,0
54,247,2,1
54,247,2,1
54,247,2,1
54,247,2,1
54,247,2,1
54,247,2,1
54,247,2,1
54,247,2,1
54,247,2,1
54,247,2,1
54,247,2,1
54,247,2,1
54,247,2,1
54,247,2,1
54,247,2,1
54,247,2,1
54,247,2,1
54,247,2,1
54,247,2,1
54,247,2,1
54,247,2,1
54,247,2,1
54,247,2,1
54,247,2,1
54,247,2,1
54,247,2,1
54,247,2,1
54,247,2,1
54,247,2,1
54,247,2,1
54,247,2,1
54,247,2,1
54,247,2,1
54,247,2,1
54,247,2,1
54,247,2,1
54,247,2,1
54,247,2,1
54,247,2,1
54,247,2,1
54,247,2,1
54,247,2,1
54,247,2,1
54,247,2,1
54,247,2,1
54,247,2,1
54,247,2,1
54,247,2,1
54,247,2,1
54,278,2,1
54,278,2,1
54,278,2,1
54,278,2,1
54,278,2,1
13,765,7,0
13,765,7,0
13,768,7,0
13,815,7,0
13,684,7,0
13,915,7,0
13,965,7,0
13,1031,7,0
13,708,7,0
13,1165,7,0
13,716,7,0
13,1180,7,0
13,1187,7,0
1,19,52,0
1,19,52,0
1,371,52,0
6,33,16,0
6,38,16,0
6,42,16,0
6,44,16,0
6,45,16,0
6,48,16,0
2,19,19,0
2,20,19,0
1,19,52,0
2,19,27,0
2,50,27,0
4,42,2,0
4,44,2,0
4,45,2,0
4,48,2,0
1,19,52,0
3,25,29,0
3,25,29,0
3,25,29,0
3,41,16,0
3,44,16,0
3,47,16,0
1,19,52,0
1,101,52,0
5,349,2,0
5,437,2,0
5,453,2,0
5,457,2,0
5,252,2,0
2,19,39,0
2,20,39,0
1,19,52,0
7,333,11,0
7,336,11,0
7,252,11,0
7,253,11,0
7,433,11,0
7,258,11,0
7,241,11,0
5,44,2,0
5,45,2,0
5,45,2,0
5,50,2,0
5,75,2,0
1,19,52,0
3,103,30,0
3,206,30,0
3,250,30,0
1,39,52,0
1,38,52,0
1,19,52,0
3,550,41,0
3,616,41,0
3,616,41,0
1,240,51,0
3,1085,51,0
3,70,51,0
3,70,51,0
6,1075,28,0
6,1075,28,0
6,1075,28,0
6,1652,28,0
6,2555,28,0
6,537,28,0
2,35,51,0
2,700,51,0
10,10162,9,1
10,10162,9,0
10,2162,9,0
10,187,9,0
10,40162,9,1
10,5162,9,0
10,5162,9,0
10,50162,9,0
10,234,9,0
10,243,9,0
1,200,51,0
1,290,51,0
1,100,51,0
2,2500,21,0
2,5000,21,0
14,1153,2,0
14,256,2,0
14,173,2,0
14,359,2,0
14,174,2,0
14,378,2,0
14,176,2,0
14,178,2,0
14,178,2,0
14,203,2,0
14,653,2,0
14,5153,2,0
14,204,2,0
14,668,2,0
2,200,8,0
2,125,8,0
1,100,36,0
7,758,10,0
7,758,10,0
7,758,10,0
7,765,10,0
7,1008,10,0
7,1008,10,0
7,517,10,0
2,42,7,0
2,46,7,0
1,517,50,0
3,508,7,0
3,640,7,0
3,640,7,0
1,723,50,0
1,103,50,0
1,258,50,0
8,2750,10,0
8,3650,10,0
8,2671,10,0
8,2675,10,0
8,2908,10,0
8,5250,10,0
8,2689,10,0
8,2700,10,0
1,517,50,0
7,1000,22,0
7,1000,22,0
7,1030,22,0
7,18,22,0
7,500,22,0
7,515,22,0
7,723,22,0
1,413,50,0
1,594,50,0
1,103,50,0
1,258,50,0
1,5000,50,0
1,50,50,0
1,50,50,0
1,20,50,0
1,250,50,0
2,200,41,0
2,400,41,0
2,100,6,0
2,100,6,0
1,258,49,0
1,940,49,0
2,20,37,0
2,36,37,0
1,500,44,0
1,150,49,0
1,720,49,0
1,560,49,0
1,258,48,0
1,517,47,0
1,200,47,0
3,12,47,0
3,400,47,0
3,412,47,0
4,100,44,0
4,103,44,0
4,3,44,0
4,45,44,0
3,100,46,0
3,103,46,0
3,3,46,0
3,1,46,0
3,50,46,0
3,51,46,0
1,200,46,0
3,200,13,0
3,200,13,0
3,125,13,0
12,147,2,0
12,150,2,0
12,67,2,0
12,68,2,0
12,68,2,0
12,69,2,0
12,69,2,0
12,72,2,0
12,72,2,0
12,72,2,0
12,50,2,0
12,97,2,0
14,25144,10,0
14,25203,10,0
14,25243,10,0
14,25365,10,0
14,26026,10,0
14,27274,10,0
14,17602,10,0
14,15152,10,0
14,20102,10,0
14,20102,10,0
14,65102,10,0
14,20365,10,0
14,22827,10,0
14,15192,10,0
1,20,46,0
9,3500,7,0
9,3900,7,0
9,2700,7,0
9,4500,7,0
9,2521,7,0
9,2750,7,0
9,3000,7,0
9,3100,7,0
9,2509,7,0
3,20,28,0
3,20,28,0
3,25,28,0
9,612,9,0
9,1512,9,0
9,1512,9,0
9,528,9,0
9,769,9,0
9,912,9,0
9,557,9,0
9,562,9,0
9,1027,9,0
8,33,16,0
8,38,16,0
8,43,16,0
8,43,16,0
8,223,16,0
8,229,16,0
8,45,16,0
8,29,16,0
1,20,45,0
1,72,45,0
2,36,45,0
2,72,45,0
1,72,45,0
8,2,21,0
8,20,21,0
8,20,21,0
8,22,21,0
8,25,21,0
8,25,21,0
8,31,21,0
8,50,21,0
1,51,45,0
1,100,45,0
1,36,45,0
2,18,19,0
2,36,19,0
1,200,45,0
3,304,40,0
3,380,40,0
3,456,40,0
1,72,44,0
5,372,10,0
5,270,10,0
5,275,10,0
5,500,10,0
5,254,10,0
2,20,43,0
2,20,43,0
1,72,44,0
2,360,44,0
2,441,44,0
1,125,42,0
1,46,7,0
2,20,39,0
2,20,39,0
3,2000,10,0
3,3500,10,0
3,1500,10,0
1,1500,44,0
2,100,28,0
2,100,28,0
1,20,43,0
1,123,43,0
5,1545,19,0
5,1545,19,0
5,2500,19,0
5,2500,19,0
5,515,19,0
1,20,43,0
3,103,30,0
3,200,30,0
3,206,30,0
3,250,29,0
3,300,29,0
3,300,29,0
1,50,43,0
1,100,44,0
2,1030,39,0
2,123,39,0
4,400,8,0
4,400,8,0
4,450,8,0
4,750,8,0
1,420,42,0
1,51,42,0
4,200,6,0
4,350,6,0
4,357,6,0
4,600,6,0
1,103,41,0
1,1900,41,0
1,36,41,0
1,196,41,0
4,70,13,0
4,75,13,0
4,100,13,0
4,100,13,0
1,50,41,0
1,40,41,0
13,69,2,0
13,78,2,0
13,190,2,0
13,83,2,0
13,83,2,0
13,88,2,0
13,90,2,0
13,90,2,0
13,91,2,0
13,91,2,0
13,118,2,0
13,118,2,0
13,123,2,0
1,20,41,0
1,40,41,0
1,20,41,0
7,147,2,0
7,62,2,0
7,62,2,0
7,64,2,0
7,65,2,0
7,67,2,0
7,77,2,0
2,280,40,0
2,504,40,0
3,42,19,0
3,50,19,0
3,50,19,0
4,8000,5,0
4,9000,5,0
4,10000,5,0
4,10000,5,0
2,2000,27,0
2,3000,27,0
6,49940,8,0
6,49940,8,0
6,51020,8,0
6,56260,8,0
6,39050,8,0
6,40360,8,0
1,616,40,0
1,646,40,0
2,-280,0,0
2,280,0,0
2,-342,0,0
2,342,0,0
1,912,40,0
2,20,27,0
2,21,27,0
3,20,3,0
3,50,3,0
3,92,3,0
1,20,39,0
1,206,39,0
1,36,39,0
1,20,39,0
2,20,27,0
2,21,27,0
1,20,39,0
1,206,39,0
1,51,39,0
1,51,39,0
1,25,39,0
4,103,2,0
4,20,2,0
4,21,2,0
4,23,2,0
1,20,39,0
1,20,39,0
12,43,2,1
12,43,2,1
12,43,2,1
12,43,2,1
12,43,2,1
12,43,2,1
12,43,2,1
12,43,2,1
12,43,2,1
12,43,2,1
12,45,2,0
12,46,2,0
2,51,31,0
2,51,31,0
1,20,39,0
2,21,27,0
2,25,27,0
1,20,39,0
1,20,39,0
6,271,2,0
6,275,2,0
6,500,2,0
6,507,2,0
6,507,2,0
6,296,2,0
2,10,26,0
2,20,26,0
1,20,39,0
1,20,39,0
10,1715,10,0
10,1715,10,0
10,1738,10,0
10,1815,10,0
10,1865,10,0
10,1643,10,0
10,2115,10,0
10,2115,10,0
10,2130,10,0
10,2137,10,0
3,20,30,0
3,31,30,0
3,50,30,0
1,51,39,0
2,20,28,0
2,25,28,0
4,25,6,0
4,25,6,0
4,41,6,0
4,50,6,0
1,20,39,0
1,123,39,0
1,20,39,0
1,20,39,0
1,10,39,0
1,15,39,0
1,25,39,0
4,203,16,0
4,203,16,0
4,203,16,0
4,206,16,0
4,1,21,0
4,100,21,0
4,103,21,0
4,50,21,0
1,1000,38,0
19,8908,7,0
19,9808,7,0
19,9808,7,0
19,8823,7,0
19,8823,7,0
19,9016,7,0
19,8830,7,0
19,9052,7,0
19,11308,7,0
19,11308,7,0
19,12558,7,0
19,12558,7,0
19,8858,7,0
19,9308,7,0
19,13808,7,0
19,8859,7,0
19,9333,7,0
19,16308,7,0
19,16308,7,0
19,4867,13,0
19,4876,13,0
19,4966,13,0
19,4966,13,0
19,4966,13,0
19,4967,13,0
19,4971,13,0
19,17391,13,0
19,5026,13,0
19,6692,13,0
19,6697,13,0
19,4868,13,0
19,26337,13,0
19,7086,13,0
19,9731,13,0
19,4920,13,0
19,5406,13,0
19,5418,13,0
19,4873,13,0
2,4000,36,0
2,76097,36,0
2,10,19,0
2,20,19,0
1,21,27,0
1,25,26,0
1,21,27,0
2,100,21,0
2,103,21,0
1,21,27,0
1,100,31,0
1,50,31,0
3,1000,19,0
3,1000,19,0
3,1000,19,0
4,103,27,0
4,25,27,0
4,50,27,0
4,50,27,0
1,25,27,0
1,44,16,0
1,21,27,0
2,25,29,0
2,51,29,0
1,21,31,0
1,122,21,0
1,5,4,0
1,1500,6,0
3,100,7,0
3,100,7,0
3,125,7,0
1,100,37,0
1,25,26,0
2,-25,0,0
2,25,0,0
1,2060,13,0
4,550,7,0
4,600,7,0
4,800,7,0
4,800,7,0
1,50,37,0
6,10,25,0
6,15,25,0
6,21,25,0
6,25,25,0
6,5,25,0
6,5,25,0
3,21,2,0
3,25,2,0
3,51,2,0
2,95,13,0
2,100,13,0
3,25,28,0
3,25,28,0
3,25,28,0
1,10,25,0
1,200,7,0
1,10,16,0
1,25,27,0
2,200,6,0
2,200,6,0
1,50,36,0
1,31,30,0
4,625,10,0
4,775,10,0
4,850,10,0
4,534,10,0
1,51,29,0
1,20,39,0
2,21,25,0
2,25,25,0
1,150,9,0
1,25,29,0
4,222,3,0
4,222,3,0
4,142,3,0
4,144,3,0
3,1,21,0
3,25,21,0
3,50,21,0
1,25,29,0
2,68,10,0
2,69,10,0
2,100,24,0
2,103,24,0
1,100,16,0
18,16400,3,0
18,16500,3,0
18,26400,3,0
18,17600,3,0
18,16415,3,0
18,16415,3,0
18,16600,3,0
18,18900,3,0
18,18900,3,0
18,16700,3,0
18,19400,3,0
18,20150,3,0
18,16900,3,0
18,21400,3,0
18,21400,3,0
18,17150,3,0
18,23900,3,0
18,23900,3,0
6,200,2,0
6,200,2,0
6,200,2,0
6,25,2,0
6,250,2,0
6,50,2,0
4,125,6,0
4,46,6,0
4,50,6,0
4,28,6,0
3,73,6,0
3,74,6,0
3,74,6,0
5,377,6,0
5,423,6,0
5,244,6,0
5,245,6,0
5,573,6,0
1,25,31,0
1,10,25,0
1,25,29,0
1,25,29,0
1,25,26,0
1,25,28,0
2,100,19,0
2,100,19,0
4,21500,8,0
4,21500,8,0
4,23000,8,0
4,26500,8,0
2,43,16,0
2,44,16,0
4,1500,2,0
4,850,2,0
4,1000,2,0
4,1000,2,0
1,21,27,0
1,50,31,0
4,54,10,0
4,73,10,0
4,102,10,0
4,103,10,0
6,100,21,0
6,20,21,0
6,20,21,0
6,21,21,0
6,22,21,0
6,5,21,0
3,88,2,0
3,115,2,0
3,130,2,0
3,1,21,0
3,21,21,0
3,50,21,0
1,44,16,0
3,15220,4,0
3,30110,4,0
3,20110,4,0
1,50,16,0
1,103,27,0
6,550,10,0
6,550,10,0
6,600,10,0
6,600,10,0
6,600,10,0
6,700,10,0
2,400,13,0
2,400,13,0
2,10,31,0
2,18,31,0
3,300,7,0
3,300,7,0
3,235,7,0
1,50,26,0
6,15000,6,0
6,20000,6,0
6,20000,6,0
6,20000,6,0
6,20000,6,0
6,25000,6,0
2,21000,16,0
2,40000,16,0
4,200,10,0
4,125,10,0
4,350,10,0
4,109,10,0
2,25,2,0
2,51,2,0
1,25,19,0
7,52,2,0
7,53,2,0
7,57,2,0
7,58,2,0
7,58,2,0
7,59,2,0
7,60,2,0
4,1000,20,0
4,122,20,0
4,18,20,0
4,400,20,0
3,50,7,0
3,50,7,0
3,50,7,0
4,450,7,0
4,450,7,0
4,450,7,0
4,550,7,0
1,5,5,0
2,100,13,0
2,100,13,0
4,1,25,0
4,15,25,0
4,25,25,0
4,50,25,0
1,25,19,0
1,25,31,0
3,10,25,0
3,25,25,0
3,5,25,0
2,1,25,0
2,10,25,0
3,206,12,0
3,128,12,0
3,153,12,0
1,45,16,0
1,25,29,0
1,100,36,0
1,25,28,0
2,20,21,0
2,22,21,0
3,46,10,0
3,47,10,0
3,49,10,0
1,75,37,0
1,51,27,0
2,303,7,0
2,400,7,0
1,25,29,0
3,518,10,0
3,1000,10,0
3,1000,10,0
5,100,4,0
5,20,4,0
5,200,4,0
5,200,4,0
5,7,4,0
2,250,21,0
2,9,21,0
15,23,1,0
15,45,1,0
15,25,1,1
15,25,1,1
15,25,1,1
15,25,1,1
15,25,1,1
15,25,1,1
15,25,1,1
15,25,1,1
15,25,1,1
15,25,1,1
15,25,1,1
15,25,1,1
15,72,1,0
1,44,16,0
1,25,28,0
1,25,19,0
1,100,31,0
1,21,27,0
1,25,28,0
1,20,37,0
1,100,3,0
1,25,29,0
2,-25,0,0
2,25,0,0
1,25,29,0
1,25,29,0
10,200,3,0
10,200,3,0
10,200,3,0
10,200,3,0
10,200,3,0
10,200,3,0
10,200,3,0
10,200,3,0
10,200,3,0
10,203,3,0
1,25,29,0
1,25,26,0
1,25,29,0
1,23,2,0
1,25,29,0
2,25,26,0
2,25,26,0
1,244,20,0
1,25,28,0
1,25,29,0
1,25,28,0
2,21,25,0
2,25,25,0
12,1122,9,0
12,2022,9,0
12,1157,9,0
12,1040,9,0
12,1042,9,0
12,1044,9,0
12,1316,9,0
12,1063,9,0
12,1072,9,0
12,1522,9,0
12,1522,9,0
12,1646,9,0
5,2000,8,0
5,1206,8,0
5,1025,8,0
5,1250,8,0
5,1500,8,0
1,44,16,0
1,25,29,0
3,25,26,0
3,25,26,0
3,25,26,0
6,65,16,0
6,66,16,0
6,66,16,0
6,49,16,0
6,49,16,0
6,49,16,0
3,206,10,0
3,206,10,0
3,153,10,0
1,15000,37,0
2,500,7,0
2,500,7,0
9,2501,3,0
9,3500,3,0
9,4000,3,0
9,5000,3,0
9,5000,3,0
9,2988,3,0
9,3000,3,0
9,3015,3,0
9,2553,3,0
8,100,27,0
8,100,27,0
8,1000,27,0
8,103,27,0
8,2500,27,0
8,412,27,0
8,51,27,0
8,517,27,0
2,200,13,0
2,125,13,0
1,10,37,0
2,20,31,0
2,25,31,0
3,450,3,0
3,500,3,0
3,500,3,0
1,25,28,0
1,15,28,0
3,150,7,0
3,150,7,0
3,150,7,0
2,100,19,0
2,70,19,0
1,30,32,0
1,25,28,0
2,600,11,0
2,600,11,0
3,103,25,0
3,21,25,0
3,25,25,0
4,72,2,0
4,74,2,0
4,74,2,0
4,80,2,0
3,100,31,0
3,100,31,0
3,25,31,0
4,20,27,0
4,20,27,0
4,21,27,0
4,51,27,0
3,100,31,0
3,41,31,0
3,51,31,0
1,50,31,0
1,5,31,0
1,65,31,0
1,20,35,0
5,203,4,0
5,203,4,0
5,203,4,0
5,302,4,0
5,402,4,0
1,103,31,0
3,206,10,0
3,206,10,0
3,303,10,0
2,200,6,0
2,200,6,0
5,68,2,0
5,69,2,0
5,70,2,0
5,72,2,0
5,78,2,0
2,103,18,0
2,103,18,0
1,10,30,0
2,10,2,0
2,23,2,0
1,10,30,0
1,100,57,0
1,1775,20,0
2,0,21,0
2,25,21,0
1,23,2,0
2,10,25,0
2,10,25,0
1,10,30,0
1,20,30,0
1,10,30,0
1,25,28,0
2,103,30,0
2,50,30,0
1,25,30,0
1,25,29,0
1,25,29,0
1,25,29,0
1,25,29,0
1,25,29,0
2,25,29,0
2,5,29,0
1,25,29,0
3,10,28,0
3,25,28,0
3,25,28,0
1,25,29,0
1,50,29,0
1,15,29,0
2,24,29,0
2,25,29,0
2,10,25,0
2,25,25,0
1,25,29,0
1,25,29,0
2,103,28,0
2,25,28,0
1,25,29,0
1,25,29,0
1,25,29,0
1,25,29,0
1,25,29,0
3,20,29,0
3,22,29,0
3,25,29,0
1,25,29,0
2,25,4,0
2,5,4,0
1,25,29,0
4,200,2,0
4,203,2,0
4,203,2,0
4,125,2,0
1,51,29,0
2,15,29,0
2,25,29,0
1,25,29,0
2,25,29,0
2,5,29,0
2,25,29,0
2,5,29,0
3,25,27,0
3,25,27,0
3,50,27,0
1,25,29,0
1,25,29,0
1,25,29,0
1,25,29,0
1,25,29,0
1,25,29,0
2,25,29,0
2,5,29,0
2,25,29,0
2,25,29,0
2,15,29,0
2,25,29,0
2,25,29,0
2,26,29,0
2,25,29,0
2,25,29,0
1,25,29,0
1,25,29,0
3,15,25,0
3,20,25,0
3,25,25,0
1,25,29,0
1,25,29,0
2,10,25,0
2,23,25,0
2,21,27,0
2,25,27,0
1,25,29,0
2,10,29,0
2,15,29,0
2,10,29,0
2,25,29,0
1,25,29,0
1,25,29,0
1,25,29,0
1,25,29,0
2,25,29,0
2,51,29,0
2,-25,0,0
2,25,0,0
1,25,29,0
1,25,29,0
1,25,29,0
1,25,29,0
1,25,29,0
1,25,29,0
1,25,29,0
1,25,29,0
2,10,29,0
2,25,29,0
2,10,29,0
2,25,29,0
1,25,29,0
1,25,29,0
1,25,29,0
1,25,29,0
1,25,29,0
1,25,29,0
1,25,29,0
1,25,29,0
1,25,29,0
1,25,29,0
1,25,29,0
1,25,29,0
1,25,29,0
13,36,4,0
13,16,4,0
13,16,4,0
13,16,4,0
13,17,4,0
13,17,4,0
13,17,4,0
13,17,4,0
13,17,4,0
13,18,4,0
13,18,4,0
13,18,4,0
13,19,4,0
1,25,29,0
4,1,25,0
4,15,25,0
4,25,25,0
4,5,25,0
1,25,29,0
2,25,29,0
2,5,29,0
1,1,25,0
1,1,25,0
1,25,29,0
1,25,29,0
2,200,25,0
2,25,25,0
2,10,29,0
2,15,29,0
1,25,28,0
1,51,29,0
2,10,28,0
2,25,28,0
4,5,29,0
4,5,29,0
4,50,29,0
4,51,29,0
4,1,21,0
4,25,21,0
4,25,21,0
4,50,21,0
2,25,29,0
2,5,29,0
1,25,29,0
1,25,29,0
1,25,29,0
1,25,29,0
3,150,6,0
3,200,6,0
3,25,6,0
3,15,26,0
3,25,26,0
3,51,26,0
1,25,29,0
1,25,29,0
3,25,20,0
3,25,20,0
3,725,20,0
1,25,29,0
3,10,28,0
3,25,28,0
3,25,28,0
3,10,25,0
3,25,25,0
3,5,25,0
1,25,29,0
1,25,29,0
1,25,29,0
1,25,29,0
1,25,29,0
1,25,29,0
1,25,29,0
1,25,29,0
2,10,29,0
2,25,29,0
2,25,29,0
2,5,29,0
1,25,29,0
1,25,29,0
1,25,29,0
1,25,29,0
1,25,29,0
1,25,29,0
1,25,29,0
1,25,29,0
1,25,28,0
1,25,28,0
2,25,26,0
2,25,26,0
1,25,28,0
4,200,7,0
4,125,7,0
4,151,7,0
4,161,7,0
2,25,28,0
2,5,28,0
1,25,28,0
1,25,28,0
2,15,28,0
2,25,28,0
1,25,28,0
1,25,28,0
1,25,28,0
2,-25,0,0
2,25,0,0
2,10,28,0
2,25,28,0
1,25,28,0
1,25,28,0
2,25,26,0
2,25,26,0
1,25,28,0
1,25,28,0
1,25,28,0
5,457,7,0
5,464,7,0
5,557,7,0
5,382,7,0
5,607,7,0
1,25,28,0
1,25,28,0
2,25,28,0
2,5,28,0
3,10,28,0
3,25,28,0
3,25,28,0
1,25,28,0
1,15,28,0
1,25,28,0
1,25,28,0
1,25,28,0
2,25,28,0
2,5,28,0
2,10,28,0
2,25,28,0
1,25,28,0
1,25,28,0
29,156,2,1
29,156,2,1
29,156,2,1
29,156,2,1
29,156,2,1
29,156,2,1
29,156,2,1
29,156,2,1
29,156,2,1
29,156,2,1
29,156,2,1
29,156,2,1
29,156,2,1
29,156,2,1
29,156,2,1
29,156,2,1
29,156,2,1
29,156,2,1
29,156,2,1
29,156,2,1
29,156,2,1
29,156,2,1
29,156,2,1
29,156,2,1
29,156,2,1
29,156,2,1
29,156,2,1
29,167,2,0
29,168,2,0
1,25,28,0
2,25,28,0
2,3,28,0
1,25,28,0
2,25,28,0
2,4,28,0
1,25,28,0
1,25,28,0
3,25,28,0
3,25,28,0
3,25,28,0
1,25,28,0
3,25,28,0
3,25,28,0
3,77,28,0
1,25,28,0
1,25,28,0
1,25,28,0
1,25,28,0
1,25,28,0
2,10,28,0
2,25,28,0
1,25,28,0
1,25,28,0
1,25,28,0
1,25,28,0
1,25,28,0
1,25,28,0
2,103,28,0
2,25,28,0
2,25,28,0
2,4,28,0
1,25,28,0
1,25,28,0
1,25,28,0
1,25,28,0
1,25,28,0
2,25,26,0
2,25,26,0
2,10,28,0
2,25,28,0
1,25,28,0
1,25,28,0
1,25,28,0
2,10,28,0
2,25,28,0
2,25,28,0
2,25,28,0
1,25,28,0
1,25,28,0
1,25,28,0
1,25,28,0
1,25,28,0
1,25,28,0
1,25,28,0
1,25,28,0
1,25,28,0
1,25,28,0
1,25,28,0
1,25,28,0
3,10,28,0
3,25,28,0
3,25,28,0
1,25,28,0
1,25,28,0
2,25,28,0
2,5,28,0
2,25,28,0
2,5,28,0
1,25,28,0
1,25,28,0
1,25,28,0
3,200,9,0
3,125,9,0
3,125,9,0
2,20,28,0
2,25,28,0
3,103,26,0
3,25,26,0
3,25,26,0
1,25,28,0
1,25,28,0
1,25,28,0
2,25,28,0
2,5,28,0
1,25,28,0
1,25,28,0
1,51,28,0
2,10,28,0
2,25,28,0
1,51,28,0
1,25,28,0
1,25,28,0
1,25,28,0
2,25,28,0
2,4,28,0
1,25,28,0
1,15,28,0
2,200,7,0
2,125,7,0
1,25,28,0
1,25,28,0
1,25,28,0
1,25,28,0
1,25,28,0
1,25,28,0
1,25,28,0
1,25,28,0
1,25,28,0
1,25,28,0
1,25,28,0
1,25,28,0
2,25,28,0
2,5,28,0
2,400,9,0
2,225,9,0
1,25,28,0
1,25,28,0
2,1,25,0
2,25,25,0
1,25,28,0
2,10,28,0
2,25,28,0
1,25,28,0
1,25,28,0
1,25,28,0
1,25,28,0
2,25,28,0
2,5,28,0
1,25,28,0
1,25,28,0
1,25,28,0
1,25,28,0
1,25,28,0
1,25,28,0
1,25,28,0
1,25,28,0
1,25,28,0
2,25,26,0
2,25,26,0
1,25,28,0
1,25,28,0
13,103,2,0
13,121,2,0
13,15,2,1
13,15,2,1
13,15,2,1
13,15,2,1
13,15,2,1
13,206,2,0
13,22,2,0
13,25,2,0
13,258,2,0
13,41,2,0
13,51,2,0
1,25,28,0
5,100,20,0
5,200,20,0
5,25,20,0
5,41,20,0
5,50,20,0
1,25,28,0
1,25,28,0
1,25,28,0
1,25,28,0
2,25,28,0
2,5,28,0
1,51,28,0
1,25,26,0
2,10,28,0
2,25,28,0
1,25,28,0
1,25,28,0
1,25,28,0
1,25,28,0
2,10,28,0
2,25,28,0
1,25,28,0
1,25,28,0
1,25,28,0
2,10,28,0
2,25,28,0
1,25,28,0
1,25,28,0
1,25,28,0
1,25,28,0
2,25,28,0
2,50,28,0
1,25,28,0
1,25,28,0
1,25,28,0
1,25,28,0
2,25,28,0
2,5,28,0
1,25,28,0
1,25,28,0
1,25,28,0
1,25,28,0
1,25,28,0
1,25,28,0
7,1100,19,0
7,2000,19,0
7,2500,19,0
7,2500,19,0
7,2500,19,0
7,1195,19,0
7,1025,19,0
1,25,28,0
1,25,28,0
1,25,28,0
2,1,25,0
2,25,25,0
1,25,26,0
40,3295,2,0
40,4195,2,0
40,4295,2,0
40,3315,2,0
40,3320,2,0
40,4595,2,0
40,3210,2,0
40,3210,2,0
40,3345,2,0
40,3395,2,0
40,3395,2,0
40,3216,2,0
40,3405,2,0
40,3217,2,0
40,3217,2,0
40,3220,2,0
40,3445,2,0
40,3452,2,0
40,3224,2,0
40,3225,2,0
40,3225,2,0
40,3225,2,0
40,3505,2,0
40,3231,2,0
40,3240,2,0
40,3200,2,0
40,3245,2,0
40,3245,2,0
40,3695,2,0
40,3695,2,0
40,3246,2,0
40,3246,2,0
40,3202,2,0
40,3202,2,0
40,3202,2,0
40,3202,2,0
40,3202,2,0
40,10695,2,0
40,10695,2,0
40,3967,2,0
9,10,18,0
9,5,18,1
9,5,18,1
9,5,18,1
9,5,18,1
9,5,18,1
9,5,18,1
9,5,18,1
9,51,18,0
31,735,2,0
31,738,2,0
31,760,2,0
31,654,2,0
31,655,2,0
31,835,2,0
31,656,2,0
31,658,2,0
31,658,2,0
31,658,2,0
31,658,2,0
31,658,2,0
31,658,2,0
31,660,2,0
31,3135,2,0
31,685,2,0
31,686,2,1
31,686,2,1
31,686,2,1
31,686,2,1
31,686,2,1
31,686,2,1
31,686,2,1
31,686,2,1
31,686,2,1
31,686,2,1
31,686,2,1
31,686,2,1
31,686,2,1
31,686,2,1
31,731,2,0
1,50,28,0
2,25,26,0
2,50,26,0
2,51,21,0
2,51,21,0
66,5473,2,0
66,7473,2,0
66,7473,2,0
66,6576,2,0
66,7503,2,0
66,7503,2,0
66,7973,2,0
66,6668,2,0
66,6493,2,1
66,6493,2,1
66,6493,2,1
66,6493,2,1
66,6493,2,1
66,6493,2,1
66,6493,2,1
66,6493,2,1
66,6493,2,1
66,6493,2,1
66,6493,2,1
66,6493,2,1
66,6493,2,1
66,6493,2,1
66,6493,2,1
66,6493,2,1
66,6493,2,1
66,6493,2,1
66,6493,2,1
66,6493,2,1
66,6493,2,1
66,6493,2,1
66,6493,2,1
66,6493,2,1
66,6493,2,1
66,6493,2,1
66,6493,2,1
66,6493,2,1
66,6493,2,1
66,6493,2,1
66,6493,2,1
66,6493,2,1
66,6493,2,1
66,6493,2,1
66,6493,2,1
66,6493,2,1
66,6493,2,1
66,6493,2,1
66,6493,2,1
66,6493,2,1
66,6493,2,1
66,6493,2,1
66,6493,2,1
66,6673,2,0
66,6673,2,0
66,6673,2,0
66,8473,2,0
66,6679,2,0
66,6494,2,0
66,8573,2,0
66,8973,2,0
66,9073,2,0
66,10473,2,0
66,6524,2,0
66,6988,2,0
66,6479,2,0
66,6554,2,0
66,6563,2,0
1,21,27,0
1,21,27,0
1,21,27,0
1,21,27,0
12,300,2,0
12,1700,2,0
12,218,2,0
12,410,2,0
12,250,2,0
12,250,2,0
12,250,2,0
12,250,2,0
12,250,2,0
12,250,2,0
12,700,2,0
12,722,2,0
1,21,27,0
1,21,27,0
1,21,27,0
1,21,27,0
1,50,27,0
1,250,27,0
1,51,27,0
1,21,27,0
1,21,27,0
1,21,27,0
1,21,27,0
1,50,27,0
1,21,27,0
1,50,27,0
2,21,25,0
2,25,25,0
1,25,26,0
2,10,25,0
2,25,25,0
1,25,26,0
1,25,26,0
1,51,26,0
1,25,26,0
1,25,26,0
2,25,26,0
2,51,26,0
2,25,26,0
2,5,26,0
1,25,26,0
1,25,26,0
1,25,26,0
1,25,26,0
2,20,26,0
2,25,26,0
2,10,26,0
2,25,26,0
1,25,26,0
1,25,26,0
1,25,26,0
1,25,26,0
1,25,26,0
1,25,26,0
1,25,26,0
2,10,26,0
2,25,26,0
1,25,26,0
1,25,26,0
1,25,26,0
1,25,26,0
1,25,26,0
1,25,26,0
2,25,26,0
2,4,26,0
1,25,26,0
1,25,26,0
1,25,26,0
1,25,26,0
1,25,26,0
1,25,26,0
1,25,26,0
1,25,26,0
1,25,26,0
1,25,26,0
3,400,2,0
3,225,2,0
3,250,2,0
1,25,26,0
1,25,26,0
1,25,26,0
1,25,26,0
1,25,26,0
2,10,26,0
2,25,26,0
1,25,26,0
1,25,26,0
1,51,26,0
1,10,25,0
1,10,25,0
1,1,25,0
2,1,25,0
2,4,25,0
2,1,25,0
2,5,25,0
1,1,25,0
2,1,25,0
2,5,25,0
2,1,25,0
2,4,25,0
1,1,25,0
2,10,25,0
2,5,25,0
1,1,25,0
2,1,25,0
2,10,25,0
1,11,25,0
3,1,25,0
3,20,25,0
3,5,25,0
1,21,25,0
2,1,25,0
2,9,25,0
1,10,25,0
1,10,25,0
1,10,25,0
1,1,25,0
1,1,25,0
2,1,25,0
2,5,25,0
1,43,25,0
2,10,4,0
2,5,4,0
1,3,25,0
2,3,25,0
2,43,25,0
1,10,25,0
2,44,16,0
2,47,16,0
1,10,25,0
2,10,20,0
2,525,20,0
2,1,25,0
2,4,25,0
3,25,25,0
3,28,25,0
3,30,25,0
1,20,25,0
1,125,25,0
3,225,20,0
3,50,20,0
3,8,20,0
3,1,22,0
3,50,22,0
3,51,22,0
1,125,21,0
1,22,21,0
1,226,21,0
1,500,21,0
1,125,21,0
1,75,21,0
3,22,21,0
3,250,21,0
3,9,21,0
2,250,21,0
2,9,21,0
1,22,21,0
1,51,21,0
1,22,21,0
1,51,21,0
2,100,21,0
2,3,21,0
1,125,21,0
4,44,15,0
4,272,15,0
4,72,15,0
4,31,15,0
1,125,20,0
2,22,20,0
2,22,20,0
2,206,19,0
2,500,19,0
1,2000,21,0
1,154,20,0
1,220,21,0
1,220,21,0
2,122,21,0
2,4,21,0
3,12,20,0
3,150,20,0
3,200,20,0
2,172,12,0
2,100,12,0
4,200,7,0
4,320,7,0
4,150,7,0
4,109,7,0
2,1,21,0
2,50,21,0
1,100,20,0
1,51,19,0
3,1236,10,0
3,2163,10,0
3,1648,10,0
1,51,19,0
2,20,2,0
2,25,2,0
9,12597,2,0
9,12677,2,0
9,12677,2,0
9,14297,2,0
9,12727,2,0
9,16097,2,0
9,12534,2,0
9,17497,2,0
9,19497,2,0
6,150,15,0
6,74,15,0
6,300,15,0
6,2550,15,0
6,100,15,0
6,100,15,0
1,515,18,0
1,15,19,0
2,120,7,0
2,210,7,0
1,280,16,0
2,1000,6,0
2,1000,6,0
1,45,16,0
1,45,16,0
1,45,16,0
2,49,16,0
2,58,16,0
2,45,2,0
2,73,2,0
1,104,16,0
2,203,14,0
2,206,14,0
2,750,7,0
2,750,7,0
3,256,10,0
3,206,10,0
3,162,10,0
2,1,21,0
2,50,21,0
2,152,4,0
2,103,4,0
2,765,4,0
2,1030,4,0
1,50,21,0
2,1,21,0
2,50,21,0
2,100,21,0
2,3,21,0
2,250,21,0
2,9,21,0
1,22,21,0
2,250,21,0
2,9,21,0
4,150,20,0
4,1750,20,0
4,18,20,0
4,500,20,0
2,1,21,0
2,50,21,0
2,1,21,0
2,50,21,0
2,1,21,0
2,50,21,0
6,600,10,0
6,600,10,0
6,622,10,0
6,517,10,0
6,750,10,0
6,1000,10,0
2,1,21,0
2,50,21,0
4,100,21,0
4,22,21,0
4,4,21,0
4,50,21,0
5,46,7,0
5,67,7,0
5,68,7,0
5,68,7,0
5,69,7,0
4,100,21,0
4,2,21,0
4,22,21,0
4,50,21,0
2,250,22,0
2,9,22,0
2,18,21,0
2,500,21,0
3,2,21,0
3,22,21,0
3,50,21,0
9,200,7,0
9,200,7,0
9,222,7,0
9,125,7,0
9,141,7,0
9,150,7,0
9,150,7,0
9,150,7,0
9,106,7,0
2,0,21,0
2,22,21,0
10,10885,6,0
10,11785,6,0
10,10810,6,0
10,13285,6,0
10,13285,6,0
10,11170,6,0
10,14785,6,0
10,15085,6,0
10,15785,6,0
10,15785,6,0
1,100,21,0
3,2500,9,0
3,2000,9,0
3,2050,9,0
2,18,21,0
2,500,21,0
6,2590,2,0
6,2593,2,0
6,2820,2,0
6,5070,2,0
6,2620,2,0
6,2579,2,0
3,622,10,0
3,504,10,0
3,1000,10,0
2,0,21,0
2,22,21,0
2,122,21,0
2,4,21,0
4,1,19,0
4,103,19,0
4,50,19,0
4,51,19,0
11,100,20,0
11,100,20,0
11,144,20,0
11,150,20,0
11,1500,20,0
11,200,20,0
11,244,20,0
11,25,20,0
11,250,20,0
11,3,20,0
11,85,20,0
4,25,21,0
4,31,21,0
4,40,21,0
4,42,21,0
1,200,21,0
2,122,21,0
2,4,21,0
2,46,7,0
2,923,7,0
1,925,20,0
1,825,20,0
1,725,20,0
1,525,20,0
1,4000,20,0
1,625,20,0
1,525,20,0
1,725,20,0
1,1880,20,0
1,725,20,0
1,2300,20,0
1,1050,20,0
1,3275,20,0
1,925,20,0
1,60,16,0
1,50,19,0
1,18,19,0
2,65,16,0
2,70,16,0
1,44,16,0
1,50,19,0
1,44,16,0
1,10,21,0
1,50,21,0
1,25,21,0
1,44,16,0
1,25,22,0
1,44,16,0
1,25,19,0
1,50,21,0
1,100,16,0
2,135,16,0
2,170,16,0
1,25,21,0
1,100,19,0
1,500,16,0
1,20,20,0
1,44,16,0
1,50,21,0
1,20,19,0
1,18,19,0
1,60,21,0
1,20,19,0
1,75,19,0
1,100,19,0
1,100,16,0
2,44,16,0
2,72,16,0
1,50,19,0
1,50,19,0
1,10,21,0
1,44,16,0
1,44,16,0
1,40,16,0
1,44,16,0
1,20,19,0
1,25,22,0
1,50,19,0
1,100,19,0
1,44,16,0
1,50,22,0
1,25,21,0
1,66,16,0
1,100,16,0
1,10,18,0
1,206,14,0
1,2500,11,0
5,59500,5,0
5,59500,5,0
5,59500,5,0
5,99000,5,0
5,99000,5,0
3,722,10,0
3,876,10,0
3,877,10,0
1,51,14,0
2,444,13,0
2,288,13,0
2,152,1,0
2,103,1,0
1,2000,13,0
1,41,13,0
1,50,31,0
1,17,2,0
1,50,16,0
2,2590,3,0
2,180,3,0
1,23,2,1
1,44,16,0
2,250,10,0
2,200,10,0
4,200,13,0
4,220,13,0
4,119,13,0
4,151,13,0
2,206,13,0
2,298,13,0
3,618,13,0
3,638,13,0
3,1030,13,0
2,203,13,0
2,206,13,0
1,44,13,0
1,100,13,0
2,3015,12,0
2,1030,12,0
2,767,11,0
2,795,11,0
5,123,11,0
5,124,11,0
5,135,11,0
5,155,11,0
5,156,11,0
1,412,11,0
1,5000,10,0
1,2000,8,0
1,200,10,0
1,200,10,0
1,200,10,0
1,180,9,0
1,200,9,0
1,1100,9,0
1,450,9,0
1,46,8,0
1,600,8,0
1,150,8,0
1,180,8,0
1,2000,8,0
1,220,8,0
1,110,8,0
1,300,8,0
1,300,8,0
1,2000,8,0
1,5,5,0
1,51,8,0
1,40,8,0
20,13654,2,0
20,14004,2,0
20,14904,2,0
20,14934,2,0
20,14008,2,0
20,14029,2,0
20,14054,2,0
20,14054,2,0
20,14104,2,0
20,14148,2,0
20,14154,2,0
20,14154,2,0
20,16404,2,0
20,13933,2,0
20,14264,2,0
20,13948,2,0
20,14504,2,0
20,21404,2,0
20,21404,2,0
20,14779,2,0
1,100,7,0
3,104,7,0
3,152,7,0
3,152,7,0
1,100000,7,0
2,75,7,0
2,100,7,0
1,200,6,0
1,200,8,0
1,23,2,0
1,162,9,0
1,179,9,0
1,200,10,0
1,200,6,0
1,50,5,0
1,50,4,0
1,80,4,0
1,100,4,0
1,60,4,0
1,200,4,0
1,50,4,0
1,50,4,0
1,50,3,0
1,25,26,0
1,1000,5,0
1,100,5,0
1,200,12,0
1,75,10,0
1,108,10,0
1,57,10,0
1,75,10,0
1,150,10,0
1,30,10,0
1,75,10,0
1,54,10,0
1,108,10,0
1,150,10,0
1,46,7,0
1,46,7,0
1,100,7,0
1,7,5,0
1,5,4,0
1,10,4,0
1,10,4,0
1,20,4,0
1,2,4,0
1,5,4,0
1,5,4,0
1,10,4,0
1,5,4,0
1,5,4,0
1,5,4,0
1,5,4,0
1,5,4,0
1,5,5,0
1,119,9,0
1,15,4,0
1,10,5,0
1,5,4,0
1,5,4,0
1,5,4,0
1,5,4,0
1,5,4,0
1,10,4,0
1,25,4,0
1,5,5,0
1,5,5,0
1,10,4,0
1,5,4,0
1,15,4,0
1,3,5,0
1,5,4,0
1,25,4,0
1,20,4,0
1,5,5,0
1,5,4,0
1,5,4,0
1,2,4,0
1,5,4,0
1,5,5,0
1,1,4,0
1,5,5,0
1,5,5,0
1,5,4,0
1,10,4,0
1,5,4,0
1,5,4,0
1,5,4,0
1,5,4,0
1,5,4,0
1,10,4,0
1,5,4,0
1,5,5,0
1,5,4,0
1,5,4,0
1,5,4,0
1,5,4,0
1,5,4,0
1,1,4,0
1,15,4,0
1,5,4,0
1,5,4,0
1,5,4,0
1,5,4,0
1,10,4,0
1,5,4,0
1,5,4,0
1,5,4,0
1,20,4,0
1,5,4,0
1,5,4,0
1,5,4,0
1,5,5,0
1,5,4,0
1,5,4,0
1,5,4,0
1,20,4,0
1,5,4,0
1,5,4,0
1,10,4,0
1,5,4,0
1,5,4,0
2,20,4,0
2,25,4,0
1,5,4,0
1,1000,10,0
1,46,10,0
1,246,10,0
1,2000,10,0
1,500,10,0
2,204,10,0
2,108,10,0
1,300,10,0
2,395,10,0
2,235,10,0
2,8000,9,0
2,8500,9,0
3,908,10,0
3,1208,10,0
3,716,10,0
3,315,10,0
3,320,10,0
3,545,10,0
1,200,10,0
1,100,10,0
1,200,10,0
1,500,10,0
4,379,10,0
4,390,10,0
4,715,10,0
4,447,10,0
1,500,10,0
2,400,10,0
2,275,10,0
3,334,10,0
3,364,10,0
3,238,10,0
1,1000,10,0
1,1000,10,0
1,1117,8,0
2,23,2,0
2,50,2,0
1,500,4,0
1,23,2,0
1,23,2,0
24,926,2,0
24,1016,2,0
24,1016,2,0
24,1016,2,0
24,1016,2,0
24,1019,2,0
24,1038,2,0
24,931,2,0
24,935,2,0
24,936,2,0
24,937,2,0
24,938,2,0
24,938,2,0
24,938,2,0
24,939,2,0
24,941,2,0
24,947,2,0
24,956,2,0
24,966,2,0
24,966,2,0
24,1416,2,0
24,1416,2,0
24,1416,2,0
24,1516,2,0
1,200,2,0
1,23,2,0
1,69,2,0
1,23,2,0
2,230,2,0
2,5,2,0
1,23,2,0
3,19,2,0
3,20,2,0
3,25,2,0
1,123,2,0
1,25,2,0
1,23,2,0
1,200,2,0
1,23,2,0
2,44,2,0
2,45,2,0
1,150,2,0
1,230,2,0
2,55,2,0
2,60,2,0
1,23,2,0
